layers,time_ms
10,6.591028
50,37.403015
100,71.823240
200,145.542120
500,344.255700
1000,722.357880
