width,time_ms
5,12.652100
10,20.272791
20,27.952674
50,153.949755
100,1229.341260
